forecast_step,prediction,lower_80,upper_80
1,267.83954,249.5514,286.73364
2,270.4138,247.21826,290.65237
3,274.62415,249.9473,293.70215
4,277.442,248.8621,301.79425
5,281.96872,255.5756,305.90323
6,285.22626,255.29198,316.27426
7,289.19846,260.9099,313.63687
8,289.42432,249.09917,317.25696
